id;name;code
1;Ergonomic Frozen Table Soap Ergonomic Rubber Towels;Soft Personal Loan Account
2;budgetary management Djibouti Franc;Reactive Consultant Multi-layered
3;Tactics;Generic Metal Table Mississippi programming
4;overriding primary Chair;green
5;Engineer Circle Investment Account;secured line Data
6;Intelligent Rubber Ball calculating Reduced;XML Andorra online
7;Executive;Cambridgeshire Borders
8;payment frame;Avon Baby
9;AGP Representative;Sports motivating
10;Customer European Monetary Unit (E.M.U.-6) 24 hour;proactive Buckinghamshire
