id;onvan;matn
1;users asymmetric;../fake-data/blob/hipster.txt
2;Idaho Orchestrator Denar;../fake-data/blob/hipster.txt
3;North Carolina Factors;../fake-data/blob/hipster.txt
4;sexy;../fake-data/blob/hipster.txt
5;Barbados paradigms;../fake-data/blob/hipster.txt
6;optimizing portal;../fake-data/blob/hipster.txt
7;bus Accountability;../fake-data/blob/hipster.txt
8;Alaska ADP;../fake-data/blob/hipster.txt
9;ubiquitous;../fake-data/blob/hipster.txt
10;Facilitator Sports virtual;../fake-data/blob/hipster.txt
